"Name","Platform","Compiles","CompilesDouble","Uses","UsesDouble","PermutationString"
"/ControlRig/Controls/ControlRigGizmoMaterial.ControlRigGizmoMaterial","0","0","0","4","0","Compiling ControlRigGizmoMaterial: Platform=PCD3D_SM5, Usage=LightingModel=MSM_Unlit, BlendMode=BLEND_Opaque, SpecialEngine=0, TwoSided=0, TSNormal=1, Masked=0, Distorted=0, WritesEveryPixel=1, ModifiesMeshPosition=0, Usage={}"
"/Engine/EngineDebugMaterials/DebugEditorMaterial.DebugEditorMaterial","0","0","0","6","0","Compiling DebugEditorMaterial: Platform=PCD3D_SM5, Usage=LightingModel=MSM_Unlit, BlendMode=BLEND_Opaque, SpecialEngine=0, TwoSided=1, TSNormal=1, Masked=0, Distorted=0, WritesEveryPixel=1, ModifiesMeshPosition=0, Usage={}"
"/Engine/EngineMaterials/GizmoMaterial.GizmoMaterial","0","0","0","6","0","Compiling GizmoMaterial: Platform=PCD3D_SM5, Usage=LightingModel=MSM_Unlit, BlendMode=BLEND_Opaque, SpecialEngine=0, TwoSided=1, TSNormal=1, Masked=0, Distorted=0, WritesEveryPixel=1, ModifiesMeshPosition=0, Usage={}"
"/Engine/EngineDebugMaterials/DebugMeshMaterial.DebugMeshMaterial","0","0","0","9","0","Compiling DebugMeshMaterial: Platform=PCD3D_SM5, Usage=LightingModel=MSM_Unlit, BlendMode=BLEND_Translucent, SpecialEngine=0, TwoSided=1, TSNormal=1, Masked=0, Distorted=0, WritesEveryPixel=1, ModifiesMeshPosition=0, Usage={}"
"/Engine/EngineMaterials/RemoveSurfaceMaterial.RemoveSurfaceMaterial","0","0","0","4","0","Compiling RemoveSurfaceMaterial: Platform=PCD3D_SM5, Usage=LightingModel=MSM_Unlit, BlendMode=BLEND_Opaque, SpecialEngine=0, TwoSided=0, TSNormal=1, Masked=0, Distorted=0, WritesEveryPixel=1, ModifiesMeshPosition=0, Usage={bUsedWithStaticLighting}"
"/HairStrands/Materials/HairMeshesDefaultMaterial.HairMeshesDefaultMaterial","0","0","0","63","0","Compiling HairMeshesDefaultMaterial: Platform=PCD3D_SM5, Usage=LightingModel=MSM_DefaultLit|Unknown, BlendMode=BLEND_Opaque, SpecialEngine=0, TwoSided=1, TSNormal=1, Masked=0, Distorted=0, WritesEveryPixel=1, ModifiesMeshPosition=0, Usage={bUsedWithHairStrands}"
"/HairStrands/Materials/HairCardsDefaultMaterial.HairCardsDefaultMaterial","0","0","0","104","0","Compiling HairCardsDefaultMaterial: Platform=PCD3D_SM5, Usage=LightingModel=MSM_DefaultLit|Unknown, BlendMode=BLEND_Masked, SpecialEngine=0, TwoSided=1, TSNormal=1, Masked=1, Distorted=0, WritesEveryPixel=0, ModifiesMeshPosition=1, Usage={bUsedWithHairStrands}"
"/HairStrands/Materials/HairDefaultMaterial.HairDefaultMaterial","0","0","0","63","0","Compiling HairDefaultMaterial: Platform=PCD3D_SM5, Usage=LightingModel=Unknown, BlendMode=BLEND_Opaque, SpecialEngine=0, TwoSided=1, TSNormal=1, Masked=0, Distorted=0, WritesEveryPixel=1, ModifiesMeshPosition=0, Usage={bUsedWithHairStrands}"
"/Engine/EngineDebugMaterials/M_SimpleUnlitTranslucent.M_SimpleUnlitTranslucent","0","0","0","9","0","Compiling M_SimpleUnlitTranslucent: Platform=PCD3D_SM5, Usage=LightingModel=MSM_Unlit, BlendMode=BLEND_Translucent, SpecialEngine=0, TwoSided=0, TSNormal=1, Masked=0, Distorted=0, WritesEveryPixel=1, ModifiesMeshPosition=0, Usage={}"
"/Engine/EditorMaterials/Camera/CineMat.CineMat","0","0","0","28","0","Compiling CineMat: Platform=PCD3D_SM5, Usage=LightingModel=MSM_DefaultLit, BlendMode=BLEND_Opaque, SpecialEngine=0, TwoSided=0, TSNormal=1, Masked=0, Distorted=0, WritesEveryPixel=1, ModifiesMeshPosition=0, Usage={bUsedWithSplineMeshes}"
"/Engine/VREditor/TransformGizmo/Xray.Xray","0","0","0","14","0","Compiling Xray: Platform=PCD3D_SM5, Usage=LightingModel=MSM_DefaultLit, BlendMode=BLEND_Opaque, SpecialEngine=0, TwoSided=0, TSNormal=1, Masked=0, Distorted=0, WritesEveryPixel=1, ModifiesMeshPosition=0, Usage={}"
"/Engine/VREditor/TransformGizmo/Main.Main","0","0","0","9","0","Compiling Main: Platform=PCD3D_SM5, Usage=LightingModel=MSM_Unlit, BlendMode=BLEND_Translucent, SpecialEngine=0, TwoSided=0, TSNormal=1, Masked=0, Distorted=0, WritesEveryPixel=1, ModifiesMeshPosition=0, Usage={}"
"/Engine/VREditor/TransformGizmo/TranslucentTransformGizmoMaterial.TranslucentTransformGizmoMaterial","0","0","0","27","0","Compiling TranslucentTransformGizmoMaterial: Platform=PCD3D_SM5, Usage=LightingModel=MSM_Unlit, BlendMode=BLEND_Translucent, SpecialEngine=0, TwoSided=0, TSNormal=1, Masked=0, Distorted=0, WritesEveryPixel=1, ModifiesMeshPosition=0, Usage={bUsedWithNiagaraMeshParticles}"
"/Engine/EngineMaterials/DefaultLightFunctionMaterial.DefaultLightFunctionMaterial","0","0","0","43","0","Compiling DefaultLightFunctionMaterial: Platform=PCD3D_SM5, Usage=LightingModel=MSM_Unlit, BlendMode=BLEND_Opaque, SpecialEngine=0, TwoSided=0, TSNormal=1, Masked=0, Distorted=0, WritesEveryPixel=1, ModifiesMeshPosition=0, Usage={}"
"/Game/_Models/Battery/Yellow.Yellow","0","0","0","14","0","Compiling Yellow: Platform=PCD3D_SM5, Usage=LightingModel=MSM_DefaultLit, BlendMode=BLEND_Opaque, SpecialEngine=0, TwoSided=0, TSNormal=1, Masked=0, Distorted=0, WritesEveryPixel=1, ModifiesMeshPosition=0, Usage={}"
"/Game/_Models/Battery/Silver.Silver","0","0","0","14","0","Compiling Silver: Platform=PCD3D_SM5, Usage=LightingModel=MSM_DefaultLit, BlendMode=BLEND_Opaque, SpecialEngine=0, TwoSided=0, TSNormal=1, Masked=0, Distorted=0, WritesEveryPixel=1, ModifiesMeshPosition=0, Usage={}"
"/Game/_Models/Battery/M_BatteryHolder.M_BatteryHolder","0","0","0","14","0","Compiling M_BatteryHolder: Platform=PCD3D_SM5, Usage=LightingModel=MSM_DefaultLit, BlendMode=BLEND_Opaque, SpecialEngine=0, TwoSided=0, TSNormal=1, Masked=0, Distorted=0, WritesEveryPixel=1, ModifiesMeshPosition=0, Usage={}"
"/Game/_Models/Battery/Black.Black","0","0","0","14","0","Compiling Black: Platform=PCD3D_SM5, Usage=LightingModel=MSM_DefaultLit, BlendMode=BLEND_Opaque, SpecialEngine=0, TwoSided=0, TSNormal=1, Masked=0, Distorted=0, WritesEveryPixel=1, ModifiesMeshPosition=0, Usage={}"
"/Game/_Models/Alarm/Glass.Glass","0","0","0","24","0","Compiling Glass: Platform=PCD3D_SM5, Usage=LightingModel=MSM_DefaultLit, BlendMode=BLEND_Translucent, SpecialEngine=0, TwoSided=0, TSNormal=1, Masked=0, Distorted=0, WritesEveryPixel=1, ModifiesMeshPosition=0, Usage={}"
"/Game/_Models/Alarm/Bar.Bar","0","0","0","14","0","Compiling Bar: Platform=PCD3D_SM5, Usage=LightingModel=MSM_DefaultLit, BlendMode=BLEND_Opaque, SpecialEngine=0, TwoSided=0, TSNormal=1, Masked=0, Distorted=0, WritesEveryPixel=1, ModifiesMeshPosition=0, Usage={}"
"/Game/_Materials/OcclusionRender_PP.OcclusionRender_PP","0","0","0","6","0","Compiling OcclusionRender_PP: Platform=PCD3D_SM5, Usage=LightingModel=MSM_Unlit, BlendMode=BLEND_Opaque, SpecialEngine=0, TwoSided=0, TSNormal=1, Masked=0, Distorted=0, WritesEveryPixel=1, ModifiesMeshPosition=0, Usage={}"
"/Game/_Materials/M_Wire.M_Wire","0","0","0","12","0","Compiling M_Wire: Platform=PCD3D_SM5, Usage=LightingModel=MSM_Unlit, BlendMode=BLEND_Opaque, SpecialEngine=0, TwoSided=0, TSNormal=1, Masked=0, Distorted=0, WritesEveryPixel=1, ModifiesMeshPosition=0, Usage={bUsedWithSplineMeshes,bUsedWithInstancedStaticMeshes}"
"/Game/_Materials/M_Fireplace.M_Fireplace","0","0","0","43","0","Compiling M_Fireplace: Platform=PCD3D_SM5, Usage=LightingModel=MSM_Unlit, BlendMode=BLEND_Opaque, SpecialEngine=0, TwoSided=0, TSNormal=1, Masked=0, Distorted=0, WritesEveryPixel=1, ModifiesMeshPosition=0, Usage={}"
"/Game/_Materials/M_Cone.M_Cone","0","0","0","24","0","Compiling M_Cone: Platform=PCD3D_SM5, Usage=LightingModel=MSM_DefaultLit, BlendMode=BLEND_Translucent, SpecialEngine=0, TwoSided=0, TSNormal=1, Masked=0, Distorted=0, WritesEveryPixel=1, ModifiesMeshPosition=0, Usage={}"
"/Game/_Animation/Mat_PolygonTown_03_A.Mat_PolygonTown_03_A","0","0","0","28","0","Compiling Mat_PolygonTown_03_A: Platform=PCD3D_SM5, Usage=LightingModel=MSM_DefaultLit, BlendMode=BLEND_Opaque, SpecialEngine=0, TwoSided=0, TSNormal=1, Masked=0, Distorted=0, WritesEveryPixel=1, ModifiesMeshPosition=0, Usage={bUsedWithSkeletalMesh}"
"/Game/_Animation/Mat_PolygonHeist_Swat_Goggles.Mat_PolygonHeist_Swat_Goggles","0","0","0","28","0","Compiling Mat_PolygonHeist_Swat_Goggles: Platform=PCD3D_SM5, Usage=LightingModel=MSM_DefaultLit, BlendMode=BLEND_Opaque, SpecialEngine=0, TwoSided=0, TSNormal=1, Masked=0, Distorted=0, WritesEveryPixel=1, ModifiesMeshPosition=0, Usage={bUsedWithSkeletalMesh}"
"/Game/_Animation/Mat_PolygonHeist_01_A.Mat_PolygonHeist_01_A","0","0","0","28","0","Compiling Mat_PolygonHeist_01_A: Platform=PCD3D_SM5, Usage=LightingModel=MSM_DefaultLit, BlendMode=BLEND_Opaque, SpecialEngine=0, TwoSided=0, TSNormal=1, Masked=0, Distorted=0, WritesEveryPixel=1, ModifiesMeshPosition=0, Usage={bUsedWithSkeletalMesh}"
"/Game/PolygonHeist/Materials/Mat_PolygonHeist_Swat_Goggles.Mat_PolygonHeist_Swat_Goggles","0","0","0","48","0","Compiling Mat_PolygonHeist_Swat_Goggles: Platform=PCD3D_SM5, Usage=LightingModel=MSM_DefaultLit, BlendMode=BLEND_Translucent, SpecialEngine=0, TwoSided=0, TSNormal=1, Masked=0, Distorted=0, WritesEveryPixel=1, ModifiesMeshPosition=0, Usage={bUsedWithSkeletalMesh}"
"/Game/PolygonHeist/Materials/Mat_Overview.Mat_Overview","0","0","0","14","0","Compiling Mat_Overview: Platform=PCD3D_SM5, Usage=LightingModel=MSM_DefaultLit, BlendMode=BLEND_Opaque, SpecialEngine=0, TwoSided=0, TSNormal=1, Masked=0, Distorted=0, WritesEveryPixel=1, ModifiesMeshPosition=0, Usage={}"
"/Game/PolygonHeist/Materials/Mat_FX.Mat_FX","0","0","0","36","0","Compiling Mat_FX: Platform=PCD3D_SM5, Usage=LightingModel=MSM_Unlit, BlendMode=BLEND_Translucent, SpecialEngine=0, TwoSided=0, TSNormal=1, Masked=0, Distorted=0, WritesEveryPixel=1, ModifiesMeshPosition=0, Usage={bUsedWithParticleSprites,bUsedWithMeshParticles}"
"/Game/PolygonCity/Materials/Mat_PolygonCity_Glass_Car_Windows.Mat_PolygonCity_Glass_Car_Windows","0","0","0","52","0","Compiling Mat_PolygonCity_Glass_Car_Windows: Platform=PCD3D_SM5, Usage=LightingModel=MSM_DefaultLit, BlendMode=BLEND_Translucent, SpecialEngine=0, TwoSided=0, TSNormal=1, Masked=0, Distorted=0, WritesEveryPixel=1, ModifiesMeshPosition=0, Usage={bUsedWithSkeletalMesh}"
"/Game/PolygonCity/Materials/Mat_PolygonCity_FX_Steam.Mat_PolygonCity_FX_Steam","0","0","0","36","0","Compiling Mat_PolygonCity_FX_Steam: Platform=PCD3D_SM5, Usage=LightingModel=MSM_Unlit, BlendMode=BLEND_Translucent, SpecialEngine=0, TwoSided=0, TSNormal=1, Masked=0, Distorted=0, WritesEveryPixel=1, ModifiesMeshPosition=0, Usage={bUsedWithParticleSprites,bUsedWithMeshParticles}"
"/Game/PolygonCity/Materials/Mat_PolygonCity_FX_Rain.Mat_PolygonCity_FX_Rain","0","0","0","36","0","Compiling Mat_PolygonCity_FX_Rain: Platform=PCD3D_SM5, Usage=LightingModel=MSM_Unlit, BlendMode=BLEND_Translucent, SpecialEngine=0, TwoSided=0, TSNormal=1, Masked=0, Distorted=0, WritesEveryPixel=1, ModifiesMeshPosition=0, Usage={bUsedWithParticleSprites,bUsedWithMeshParticles}"
"/Game/PolygonCity/Materials/Mat_Overview_Ground.Mat_Overview_Ground","0","0","0","23","0","Compiling Mat_Overview_Ground: Platform=PCD3D_SM5, Usage=LightingModel=MSM_DefaultLit, BlendMode=BLEND_Opaque, SpecialEngine=0, TwoSided=0, TSNormal=1, Masked=0, Distorted=0, WritesEveryPixel=1, ModifiesMeshPosition=0, Usage={bUsedWithStaticLighting}"
"/Game/LevelPrototyping/Materials/M_Solid.M_Solid","0","0","0","28","0","Compiling M_Solid: Platform=PCD3D_SM5, Usage=LightingModel=MSM_DefaultLit, BlendMode=BLEND_Opaque, SpecialEngine=0, TwoSided=0, TSNormal=1, Masked=0, Distorted=0, WritesEveryPixel=1, ModifiesMeshPosition=0, Usage={bUsedWithSkeletalMesh}"
"/Engine/BasicShapes/BasicShapeMaterial.BasicShapeMaterial","0","0","0","84","0","Compiling BasicShapeMaterial: Platform=PCD3D_SM5, Usage=LightingModel=MSM_DefaultLit, BlendMode=BLEND_Opaque, SpecialEngine=0, TwoSided=0, TSNormal=1, Masked=0, Distorted=0, WritesEveryPixel=1, ModifiesMeshPosition=0, Usage={bUsedWithStaticLighting,bUsedWithInstancedStaticMeshes,bUsedWithGeometryCollections,bUsedWithNanite}"
"/Engine/EngineDebugMaterials/BlackUnlitMaterial.BlackUnlitMaterial","0","0","0","8","0","Compiling BlackUnlitMaterial: Platform=PCD3D_SM5, Usage=LightingModel=MSM_Unlit, BlendMode=BLEND_Opaque, SpecialEngine=0, TwoSided=0, TSNormal=1, Masked=0, Distorted=0, WritesEveryPixel=1, ModifiesMeshPosition=0, Usage={bUsedWithSkeletalMesh,bUsedWithStaticLighting}"
"/Engine/EngineSky/M_SimpleSkyDome.M_SimpleSkyDome","0","0","0","4","0","Compiling M_SimpleSkyDome: Platform=PCD3D_SM5, Usage=LightingModel=MSM_Unlit, BlendMode=BLEND_Opaque, SpecialEngine=0, TwoSided=0, TSNormal=1, Masked=0, Distorted=0, WritesEveryPixel=1, ModifiesMeshPosition=0, Usage={}"
"/Niagara/DefaultAssets/DefaultSpriteMaterial.DefaultSpriteMaterial","0","0","0","66","0","Compiling DefaultSpriteMaterial: Platform=PCD3D_SM5, Usage=LightingModel=MSM_Unlit, BlendMode=BLEND_Additive, SpecialEngine=0, TwoSided=1, TSNormal=1, Masked=0, Distorted=0, WritesEveryPixel=1, ModifiesMeshPosition=0, Usage={bUsedWithParticleSprites,bUsedWithNiagaraSprites,bUsedWithNiagaraRibbons}"
"/Engine/EngineMaterials/FlattenMaterial_WS_Normal_VT.FlattenMaterial_WS_Normal_VT","0","0","0","66","0","Compiling FlattenMaterial_WS_Normal_VT: Platform=PCD3D_SM5, Usage=LightingModel=MSM_DefaultLit, BlendMode=BLEND_Opaque, SpecialEngine=0, TwoSided=0, TSNormal=0, Masked=0, Distorted=0, WritesEveryPixel=1, ModifiesMeshPosition=0, Usage={bUsedWithSkeletalMesh,bUsedWithStaticLighting,bUsedWithMorphTargets,bUsedWithNanite}"
"/Engine/EngineMaterials/FlattenMaterial_VT.FlattenMaterial_VT","0","0","0","66","0","Compiling FlattenMaterial_VT: Platform=PCD3D_SM5, Usage=LightingModel=MSM_DefaultLit, BlendMode=BLEND_Opaque, SpecialEngine=0, TwoSided=0, TSNormal=1, Masked=0, Distorted=0, WritesEveryPixel=1, ModifiesMeshPosition=0, Usage={bUsedWithSkeletalMesh,bUsedWithStaticLighting,bUsedWithMorphTargets,bUsedWithNanite}"
"/Engine/EngineMaterials/FlattenMaterial.FlattenMaterial","0","0","0","66","0","Compiling FlattenMaterial: Platform=PCD3D_SM5, Usage=LightingModel=MSM_DefaultLit, BlendMode=BLEND_Opaque, SpecialEngine=0, TwoSided=0, TSNormal=1, Masked=0, Distorted=0, WritesEveryPixel=1, ModifiesMeshPosition=0, Usage={bUsedWithSkeletalMesh,bUsedWithStaticLighting,bUsedWithMorphTargets,bUsedWithNanite}"
"/Engine/EngineMaterials/M_InvalidLightmapSettings.M_InvalidLightmapSettings","0","0","0","28","0","Compiling M_InvalidLightmapSettings: Platform=PCD3D_SM5, Usage=LightingModel=MSM_DefaultLit, BlendMode=BLEND_Opaque, SpecialEngine=0, TwoSided=0, TSNormal=1, Masked=0, Distorted=0, WritesEveryPixel=1, ModifiesMeshPosition=0, Usage={bUsedWithInstancedStaticMeshes}"
"/Engine/EngineMaterials/EmissiveMeshMaterial.EmissiveMeshMaterial","0","0","0","9","0","Compiling EmissiveMeshMaterial: Platform=PCD3D_SM5, Usage=LightingModel=MSM_Unlit, BlendMode=BLEND_Additive, SpecialEngine=0, TwoSided=1, TSNormal=1, Masked=0, Distorted=0, WritesEveryPixel=1, ModifiesMeshPosition=0, Usage={}"
"/Engine/EngineDebugMaterials/M_VolumeRenderSphereTracePP.M_VolumeRenderSphereTracePP","0","0","0","6","0","Compiling M_VolumeRenderSphereTracePP: Platform=PCD3D_SM5, Usage=LightingModel=MSM_Unlit, BlendMode=BLEND_Opaque, SpecialEngine=0, TwoSided=0, TSNormal=1, Masked=0, Distorted=0, WritesEveryPixel=1, ModifiesMeshPosition=0, Usage={}"
"/Engine/EngineMaterials/PhAT_JointLimitMaterial.PhAT_JointLimitMaterial","0","0","0","13","0","Compiling PhAT_JointLimitMaterial: Platform=PCD3D_SM5, Usage=LightingModel=MSM_Unlit, BlendMode=BLEND_Translucent, SpecialEngine=0, TwoSided=1, TSNormal=1, Masked=0, Distorted=0, WritesEveryPixel=1, ModifiesMeshPosition=1, Usage={}"
"/ControlRig/M_Manip.M_Manip","0","0","0","13","0","Compiling M_Manip: Platform=PCD3D_SM5, Usage=LightingModel=MSM_Unlit, BlendMode=BLEND_Translucent, SpecialEngine=0, TwoSided=0, TSNormal=1, Masked=0, Distorted=0, WritesEveryPixel=1, ModifiesMeshPosition=1, Usage={}"
"/Paper2D/DefaultSpriteMaterial.DefaultSpriteMaterial","0","0","0","57","0","Compiling DefaultSpriteMaterial: Platform=PCD3D_SM5, Usage=LightingModel=MSM_Unlit, BlendMode=BLEND_Masked, SpecialEngine=0, TwoSided=1, TSNormal=1, Masked=1, Distorted=0, WritesEveryPixel=0, ModifiesMeshPosition=0, Usage={bUsedWithNiagaraSprites}"
"/Paper2D/DefaultSpriteMaterial.DefaultSpriteMaterial","0","0","0","18","0","Compiling DefaultSpriteMaterial: Platform=PCD3D_SM5, Usage=LightingModel=MSM_Unlit, BlendMode=BLEND_Opaque, SpecialEngine=0, TwoSided=1, TSNormal=1, Masked=0, Distorted=0, WritesEveryPixel=1, ModifiesMeshPosition=0, Usage={bUsedWithNiagaraSprites}"
"/Engine/VREditor/TransformGizmo/TransformGizmoMaterial.TransformGizmoMaterial","0","0","0","12","0","Compiling TransformGizmoMaterial: Platform=PCD3D_SM5, Usage=LightingModel=MSM_Unlit, BlendMode=BLEND_Opaque, SpecialEngine=0, TwoSided=0, TSNormal=1, Masked=0, Distorted=0, WritesEveryPixel=1, ModifiesMeshPosition=0, Usage={bUsedWithNiagaraMeshParticles}"
"/Engine/EditorMaterials/WorldPartition/WorldPartitionSpatialHashGridPreviewMaterial.WorldPartitionSpatialHashGridPreviewMaterial","0","0","0","6","0","Compiling WorldPartitionSpatialHashGridPreviewMaterial: Platform=PCD3D_SM5, Usage=LightingModel=MSM_Unlit, BlendMode=BLEND_Opaque, SpecialEngine=0, TwoSided=0, TSNormal=1, Masked=0, Distorted=0, WritesEveryPixel=1, ModifiesMeshPosition=0, Usage={}"
"/Game/_Materials/M_OutofBounds.M_OutofBounds","0","0","0","56","0","Compiling M_OutofBounds: Platform=PCD3D_SM5, Usage=LightingModel=MSM_DefaultLit, BlendMode=BLEND_Additive, SpecialEngine=0, TwoSided=0, TSNormal=1, Masked=0, Distorted=0, WritesEveryPixel=1, ModifiesMeshPosition=0, Usage={}"
"/HairStrands/Materials/HairDebugMaterial.HairDebugMaterial","0","0","0","104","0","Compiling HairDebugMaterial: Platform=PCD3D_SM5, Usage=LightingModel=MSM_DefaultLit|Unknown, BlendMode=BLEND_Masked, SpecialEngine=0, TwoSided=1, TSNormal=1, Masked=1, Distorted=0, WritesEveryPixel=0, ModifiesMeshPosition=0, Usage={bUsedWithHairStrands}"
"/Engine/EngineSky/VolumetricClouds/m_SimpleVolumetricCloud.m_SimpleVolumetricCloud","0","0","0","56","0","Compiling m_SimpleVolumetricCloud: Platform=PCD3D_SM5, Usage=LightingModel=MSM_DefaultLit, BlendMode=BLEND_Additive, SpecialEngine=0, TwoSided=0, TSNormal=1, Masked=0, Distorted=0, WritesEveryPixel=1, ModifiesMeshPosition=0, Usage={}"
"/Engine/EngineMaterials/DefaultPostProcessMaterial.DefaultPostProcessMaterial","0","0","0","10","0","Compiling DefaultPostProcessMaterial: Platform=PCD3D_SM5, Usage=LightingModel=MSM_Unlit, BlendMode=BLEND_Opaque, SpecialEngine=0, TwoSided=0, TSNormal=1, Masked=0, Distorted=0, WritesEveryPixel=1, ModifiesMeshPosition=0, Usage={bUsedWithSkeletalMesh,bUsedWithStaticLighting}"
"/Engine/EngineMaterials/DefaultDeferredDecalMaterial.DefaultDeferredDecalMaterial","0","0","0","101","0","Compiling DefaultDeferredDecalMaterial: Platform=PCD3D_SM5, Usage=LightingModel=MSM_DefaultLit, BlendMode=BLEND_Translucent, SpecialEngine=0, TwoSided=0, TSNormal=1, Masked=0, Distorted=0, WritesEveryPixel=1, ModifiesMeshPosition=0, Usage={bUsedWithSkeletalMesh,bUsedWithStaticLighting,bUsedWithSplineMeshes}"
"/Engine/EngineMaterials/EmissiveTexturedMaterial.EmissiveTexturedMaterial","0","0","0","8","0","Compiling EmissiveTexturedMaterial: Platform=PCD3D_SM5, Usage=LightingModel=MSM_Unlit, BlendMode=BLEND_Opaque, SpecialEngine=0, TwoSided=0, TSNormal=1, Masked=0, Distorted=0, WritesEveryPixel=1, ModifiesMeshPosition=0, Usage={bUsedWithMeshParticles}"
"/Engine/EngineMaterials/DefaultMaterial.DefaultMaterial","0","0","0","167","0","Compiling DefaultMaterial: Platform=PCD3D_SM5, Usage=LightingModel=MSM_DefaultLit, BlendMode=BLEND_Opaque, SpecialEngine=0, TwoSided=0, TSNormal=1, Masked=0, Distorted=0, WritesEveryPixel=1, ModifiesMeshPosition=0, Usage={bUsedWithSkeletalMesh,bUsedWithMeshParticles,bUsedWithStaticLighting,bUsedWithSplineMeshes,bUsedWithInstancedStaticMeshes,bUsedWithNiagaraSprites,bUsedWithNiagaraRibbons,bUsedWithNiagaraMeshParticles}"
"/Engine/EngineMaterials/WorldGridMaterial.WorldGridMaterial","0","0","0","1288","0","Compiling WorldGridMaterial: Platform=PCD3D_SM5, Usage=LightingModel=MSM_DefaultLit, BlendMode=BLEND_Opaque, SpecialEngine=1, TwoSided=0, TSNormal=1, Masked=0, Distorted=0, WritesEveryPixel=1, ModifiesMeshPosition=0, Usage={}"
"/Engine/EngineMaterials/DefaultTextMaterialOpaque.DefaultTextMaterialOpaque","0","0","0","31","0","Compiling DefaultTextMaterialOpaque: Platform=PCD3D_SM5, Usage=LightingModel=MSM_DefaultLit, BlendMode=BLEND_Masked, SpecialEngine=0, TwoSided=1, TSNormal=1, Masked=1, Distorted=0, WritesEveryPixel=0, ModifiesMeshPosition=0, Usage={}"
"/Engine/EngineMaterials/Widget3DPassThrough.Widget3DPassThrough","0","0","0","9","9","Compiling Widget3DPassThrough: Platform=PCD3D_SM5, Usage=LightingModel=MSM_Unlit, BlendMode=BLEND_Translucent, SpecialEngine=0, TwoSided=0, TSNormal=1, Masked=0, Distorted=0, WritesEveryPixel=1, ModifiesMeshPosition=0, Usage={}"
"/Engine/EngineMaterials/Widget3DPassThrough.Widget3DPassThrough","0","0","0","19","0","Compiling Widget3DPassThrough: Platform=PCD3D_SM5, Usage=LightingModel=MSM_Unlit, BlendMode=BLEND_Masked, SpecialEngine=0, TwoSided=1, TSNormal=1, Masked=1, Distorted=0, WritesEveryPixel=0, ModifiesMeshPosition=0, Usage={}"
"/Engine/EngineMaterials/Widget3DPassThrough.Widget3DPassThrough","0","0","0","6","0","Compiling Widget3DPassThrough: Platform=PCD3D_SM5, Usage=LightingModel=MSM_Unlit, BlendMode=BLEND_Opaque, SpecialEngine=0, TwoSided=1, TSNormal=1, Masked=0, Distorted=0, WritesEveryPixel=1, ModifiesMeshPosition=0, Usage={}"
"/Engine/EngineMaterials/Widget3DPassThrough.Widget3DPassThrough","0","0","0","9","0","Compiling Widget3DPassThrough: Platform=PCD3D_SM5, Usage=LightingModel=MSM_Unlit, BlendMode=BLEND_Translucent, SpecialEngine=0, TwoSided=1, TSNormal=1, Masked=0, Distorted=0, WritesEveryPixel=1, ModifiesMeshPosition=0, Usage={}"
"/Engine/EngineMaterials/Widget3DPassThrough.Widget3DPassThrough","0","0","0","19","0","Compiling Widget3DPassThrough: Platform=PCD3D_SM5, Usage=LightingModel=MSM_Unlit, BlendMode=BLEND_Masked, SpecialEngine=0, TwoSided=0, TSNormal=1, Masked=1, Distorted=0, WritesEveryPixel=0, ModifiesMeshPosition=0, Usage={}"
"/Engine/EngineMaterials/Widget3DPassThrough.Widget3DPassThrough","0","0","0","4","0","Compiling Widget3DPassThrough: Platform=PCD3D_SM5, Usage=LightingModel=MSM_Unlit, BlendMode=BLEND_Opaque, SpecialEngine=0, TwoSided=0, TSNormal=1, Masked=0, Distorted=0, WritesEveryPixel=1, ModifiesMeshPosition=0, Usage={}"
"/Game/_Fonts/StyleThief/Font_StyleThief_Emissive.Font_StyleThief_Emissive","0","0","0","31","0","Compiling Font_StyleThief_Emissive: Platform=PCD3D_SM5, Usage=LightingModel=MSM_DefaultLit, BlendMode=BLEND_Masked, SpecialEngine=0, TwoSided=1, TSNormal=1, Masked=1, Distorted=0, WritesEveryPixel=0, ModifiesMeshPosition=0, Usage={}"
"/Game/_Fonts/StyleThief/Font_StyleThief.Font_StyleThief","0","0","0","31","0","Compiling Font_StyleThief: Platform=PCD3D_SM5, Usage=LightingModel=MSM_DefaultLit, BlendMode=BLEND_Masked, SpecialEngine=0, TwoSided=1, TSNormal=1, Masked=1, Distorted=0, WritesEveryPixel=0, ModifiesMeshPosition=0, Usage={}"
"/Game/_Fonts/LM_Font.LM_Font","0","0","0","31","0","Compiling LM_Font: Platform=PCD3D_SM5, Usage=LightingModel=MSM_DefaultLit, BlendMode=BLEND_Masked, SpecialEngine=0, TwoSided=1, TSNormal=1, Masked=1, Distorted=0, WritesEveryPixel=0, ModifiesMeshPosition=0, Usage={}"
"/Game/PolygonTown/Materials/Mat_PolygonTown_03_A.Mat_PolygonTown_03_A","0","0","0","37","0","Compiling Mat_PolygonTown_03_A: Platform=PCD3D_SM5, Usage=LightingModel=MSM_DefaultLit, BlendMode=BLEND_Opaque, SpecialEngine=0, TwoSided=0, TSNormal=1, Masked=0, Distorted=0, WritesEveryPixel=1, ModifiesMeshPosition=0, Usage={bUsedWithSkeletalMesh,bUsedWithStaticLighting}"
"/Game/PolygonTown/Materials/Rug.Rug","0","0","0","37","0","Compiling Rug: Platform=PCD3D_SM5, Usage=LightingModel=MSM_DefaultLit, BlendMode=BLEND_Opaque, SpecialEngine=0, TwoSided=0, TSNormal=1, Masked=0, Distorted=0, WritesEveryPixel=1, ModifiesMeshPosition=0, Usage={bUsedWithSkeletalMesh,bUsedWithStaticLighting}"
"/Game/PolygonTown/Materials/Mat_PolygonTown_01_A.Mat_PolygonTown_01_A","0","0","0","37","0","Compiling Mat_PolygonTown_01_A: Platform=PCD3D_SM5, Usage=LightingModel=MSM_DefaultLit, BlendMode=BLEND_Opaque, SpecialEngine=0, TwoSided=0, TSNormal=1, Masked=0, Distorted=0, WritesEveryPixel=1, ModifiesMeshPosition=0, Usage={bUsedWithSkeletalMesh,bUsedWithStaticLighting}"
"/Game/PolygonHeist/Materials/Mat_PolygonHeist_04_C.Mat_PolygonHeist_04_C","0","0","0","23","0","Compiling Mat_PolygonHeist_04_C: Platform=PCD3D_SM5, Usage=LightingModel=MSM_DefaultLit, BlendMode=BLEND_Opaque, SpecialEngine=0, TwoSided=0, TSNormal=1, Masked=0, Distorted=0, WritesEveryPixel=1, ModifiesMeshPosition=0, Usage={bUsedWithStaticLighting}"
"/Game/PolygonHeist/Materials/Mat_PolygonHeist_04_B.Mat_PolygonHeist_04_B","0","0","0","23","0","Compiling Mat_PolygonHeist_04_B: Platform=PCD3D_SM5, Usage=LightingModel=MSM_DefaultLit, BlendMode=BLEND_Opaque, SpecialEngine=0, TwoSided=0, TSNormal=1, Masked=0, Distorted=0, WritesEveryPixel=1, ModifiesMeshPosition=0, Usage={bUsedWithStaticLighting}"
"/Game/PolygonHeist/Materials/Mat_PolygonHeist_04_A.Mat_PolygonHeist_04_A","0","0","0","23","0","Compiling Mat_PolygonHeist_04_A: Platform=PCD3D_SM5, Usage=LightingModel=MSM_DefaultLit, BlendMode=BLEND_Opaque, SpecialEngine=0, TwoSided=0, TSNormal=1, Masked=0, Distorted=0, WritesEveryPixel=1, ModifiesMeshPosition=0, Usage={bUsedWithStaticLighting}"
"/Game/PolygonHeist/Materials/Mat_PolygonHeist_03_C.Mat_PolygonHeist_03_C","0","0","0","23","0","Compiling Mat_PolygonHeist_03_C: Platform=PCD3D_SM5, Usage=LightingModel=MSM_DefaultLit, BlendMode=BLEND_Opaque, SpecialEngine=0, TwoSided=0, TSNormal=1, Masked=0, Distorted=0, WritesEveryPixel=1, ModifiesMeshPosition=0, Usage={bUsedWithStaticLighting}"
"/Game/PolygonHeist/Materials/Mat_PolygonHeist_03_B.Mat_PolygonHeist_03_B","0","0","0","23","0","Compiling Mat_PolygonHeist_03_B: Platform=PCD3D_SM5, Usage=LightingModel=MSM_DefaultLit, BlendMode=BLEND_Opaque, SpecialEngine=0, TwoSided=0, TSNormal=1, Masked=0, Distorted=0, WritesEveryPixel=1, ModifiesMeshPosition=0, Usage={bUsedWithStaticLighting}"
"/Game/PolygonHeist/Materials/Mat_PolygonHeist_03_A.Mat_PolygonHeist_03_A","0","0","0","23","0","Compiling Mat_PolygonHeist_03_A: Platform=PCD3D_SM5, Usage=LightingModel=MSM_DefaultLit, BlendMode=BLEND_Opaque, SpecialEngine=0, TwoSided=0, TSNormal=1, Masked=0, Distorted=0, WritesEveryPixel=1, ModifiesMeshPosition=0, Usage={bUsedWithStaticLighting}"
"/Game/PolygonHeist/Materials/Mat_PolygonHeist_02_C.Mat_PolygonHeist_02_C","0","0","0","23","0","Compiling Mat_PolygonHeist_02_C: Platform=PCD3D_SM5, Usage=LightingModel=MSM_DefaultLit, BlendMode=BLEND_Opaque, SpecialEngine=0, TwoSided=0, TSNormal=1, Masked=0, Distorted=0, WritesEveryPixel=1, ModifiesMeshPosition=0, Usage={bUsedWithStaticLighting}"
"/Game/PolygonHeist/Materials/Mat_PolygonHeist_02_B.Mat_PolygonHeist_02_B","0","0","0","23","0","Compiling Mat_PolygonHeist_02_B: Platform=PCD3D_SM5, Usage=LightingModel=MSM_DefaultLit, BlendMode=BLEND_Opaque, SpecialEngine=0, TwoSided=0, TSNormal=1, Masked=0, Distorted=0, WritesEveryPixel=1, ModifiesMeshPosition=0, Usage={bUsedWithStaticLighting}"
"/Game/PolygonHeist/Materials/Mat_PolygonHeist_02_A.Mat_PolygonHeist_02_A","0","0","0","23","0","Compiling Mat_PolygonHeist_02_A: Platform=PCD3D_SM5, Usage=LightingModel=MSM_DefaultLit, BlendMode=BLEND_Opaque, SpecialEngine=0, TwoSided=0, TSNormal=1, Masked=0, Distorted=0, WritesEveryPixel=1, ModifiesMeshPosition=0, Usage={bUsedWithStaticLighting}"
"/Game/PolygonHeist/Materials/Mat_PolygonHeist_01_C.Mat_PolygonHeist_01_C","0","0","0","65","0","Compiling Mat_PolygonHeist_01_C: Platform=PCD3D_SM5, Usage=LightingModel=MSM_DefaultLit, BlendMode=BLEND_Opaque, SpecialEngine=0, TwoSided=0, TSNormal=1, Masked=0, Distorted=0, WritesEveryPixel=1, ModifiesMeshPosition=0, Usage={bUsedWithParticleSprites,bUsedWithMeshParticles,bUsedWithStaticLighting}"
"/Game/PolygonHeist/Materials/Mat_PolygonHeist_01_B.Mat_PolygonHeist_01_B","0","0","0","65","0","Compiling Mat_PolygonHeist_01_B: Platform=PCD3D_SM5, Usage=LightingModel=MSM_DefaultLit, BlendMode=BLEND_Opaque, SpecialEngine=0, TwoSided=0, TSNormal=1, Masked=0, Distorted=0, WritesEveryPixel=1, ModifiesMeshPosition=0, Usage={bUsedWithParticleSprites,bUsedWithMeshParticles,bUsedWithStaticLighting}"
"/Game/PolygonHeist/Materials/Mat_PolygonHeist_Shiny.Mat_PolygonHeist_Shiny","0","0","0","23","0","Compiling Mat_PolygonHeist_Shiny: Platform=PCD3D_SM5, Usage=LightingModel=MSM_DefaultLit, BlendMode=BLEND_Opaque, SpecialEngine=0, TwoSided=0, TSNormal=1, Masked=0, Distorted=0, WritesEveryPixel=1, ModifiesMeshPosition=0, Usage={bUsedWithStaticLighting}"
"/Game/PolygonHeist/Materials/Mat_PolygonHeist_Matte.Mat_PolygonHeist_Matte","0","0","0","23","0","Compiling Mat_PolygonHeist_Matte: Platform=PCD3D_SM5, Usage=LightingModel=MSM_DefaultLit, BlendMode=BLEND_Opaque, SpecialEngine=0, TwoSided=0, TSNormal=1, Masked=0, Distorted=0, WritesEveryPixel=1, ModifiesMeshPosition=0, Usage={bUsedWithStaticLighting}"
"/Game/PolygonHeist/Materials/Mat_PolygonHeist_Glass.Mat_PolygonHeist_Glass","0","0","0","57","0","Compiling Mat_PolygonHeist_Glass: Platform=PCD3D_SM5, Usage=LightingModel=MSM_DefaultLit, BlendMode=BLEND_Translucent, SpecialEngine=0, TwoSided=0, TSNormal=1, Masked=0, Distorted=0, WritesEveryPixel=1, ModifiesMeshPosition=0, Usage={bUsedWithSkeletalMesh,bUsedWithStaticLighting}"
"/Game/PolygonHeist/Materials/Mat_PolygonHeist_Emmision.Mat_PolygonHeist_Emmision","0","0","0","23","0","Compiling Mat_PolygonHeist_Emmision: Platform=PCD3D_SM5, Usage=LightingModel=MSM_DefaultLit, BlendMode=BLEND_Opaque, SpecialEngine=0, TwoSided=0, TSNormal=1, Masked=0, Distorted=0, WritesEveryPixel=1, ModifiesMeshPosition=0, Usage={bUsedWithStaticLighting}"
"/Game/PolygonHeist/Materials/Mat_PolygonHeist_01_A.Mat_PolygonHeist_01_A","0","0","0","79","0","Compiling Mat_PolygonHeist_01_A: Platform=PCD3D_SM5, Usage=LightingModel=MSM_DefaultLit, BlendMode=BLEND_Opaque, SpecialEngine=0, TwoSided=0, TSNormal=1, Masked=0, Distorted=0, WritesEveryPixel=1, ModifiesMeshPosition=0, Usage={bUsedWithSkeletalMesh,bUsedWithParticleSprites,bUsedWithMeshParticles,bUsedWithStaticLighting}"
"/Game/PolygonHeist/Materials/Mat_Simple_PeopleMasks_White_Blonde.Mat_Simple_PeopleMasks_White_Blonde","0","0","0","14","0","Compiling Mat_Simple_PeopleMasks_White_Blonde: Platform=PCD3D_SM5, Usage=LightingModel=MSM_DefaultLit, BlendMode=BLEND_Opaque, SpecialEngine=0, TwoSided=0, TSNormal=1, Masked=0, Distorted=0, WritesEveryPixel=1, ModifiesMeshPosition=0, Usage={}"
"/Game/PolygonHeist/Materials/Mat_Simple_PeopleMasks_White.Mat_Simple_PeopleMasks_White","0","0","0","23","0","Compiling Mat_Simple_PeopleMasks_White: Platform=PCD3D_SM5, Usage=LightingModel=MSM_DefaultLit, BlendMode=BLEND_Opaque, SpecialEngine=0, TwoSided=0, TSNormal=1, Masked=0, Distorted=0, WritesEveryPixel=1, ModifiesMeshPosition=0, Usage={bUsedWithStaticLighting}"
"/Game/PolygonHeist/Materials/Mat_Simple_PeopleMasks_Brown.Mat_Simple_PeopleMasks_Brown","0","0","0","14","0","Compiling Mat_Simple_PeopleMasks_Brown: Platform=PCD3D_SM5, Usage=LightingModel=MSM_DefaultLit, BlendMode=BLEND_Opaque, SpecialEngine=0, TwoSided=0, TSNormal=1, Masked=0, Distorted=0, WritesEveryPixel=1, ModifiesMeshPosition=0, Usage={}"
"/Game/PolygonHeist/Materials/Mat_Simple_PeopleMasks_Black.Mat_Simple_PeopleMasks_Black","0","0","0","14","0","Compiling Mat_Simple_PeopleMasks_Black: Platform=PCD3D_SM5, Usage=LightingModel=MSM_DefaultLit, BlendMode=BLEND_Opaque, SpecialEngine=0, TwoSided=0, TSNormal=1, Masked=0, Distorted=0, WritesEveryPixel=1, ModifiesMeshPosition=0, Usage={}"
"/Game/PolygonCity/Materials/Mat_PolygonCity_Skyline.Mat_PolygonCity_Skyline","0","0","0","44","0","Compiling Mat_PolygonCity_Skyline: Platform=PCD3D_SM5, Usage=LightingModel=MSM_DefaultLit, BlendMode=BLEND_Masked, SpecialEngine=0, TwoSided=0, TSNormal=1, Masked=1, Distorted=0, WritesEveryPixel=0, ModifiesMeshPosition=0, Usage={bUsedWithStaticLighting}"
"/Game/PolygonCity/Materials/Mat_PolygonCity_Glass_Windows.Mat_PolygonCity_Glass_Windows","0","0","0","35","0","Compiling Mat_PolygonCity_Glass_Windows: Platform=PCD3D_SM5, Usage=LightingModel=MSM_DefaultLit, BlendMode=BLEND_Translucent, SpecialEngine=0, TwoSided=0, TSNormal=1, Masked=0, Distorted=0, WritesEveryPixel=1, ModifiesMeshPosition=0, Usage={bUsedWithStaticLighting}"
"/Game/PolygonCity/Materials/Mat_PolygonCity_Texture_Road_04.Mat_PolygonCity_Texture_Road_04","0","0","0","60","0","Compiling Mat_PolygonCity_Texture_Road_04: Platform=PCD3D_SM5, Usage=LightingModel=MSM_DefaultLit, BlendMode=BLEND_Opaque, SpecialEngine=0, TwoSided=0, TSNormal=1, Masked=0, Distorted=0, WritesEveryPixel=1, ModifiesMeshPosition=0, Usage={bUsedWithSkeletalMesh,bUsedWithStaticLighting,bUsedWithInstancedStaticMeshes}"
"/Game/PolygonCity/Materials/Mat_PolygonCity_Texture_Road_03.Mat_PolygonCity_Texture_Road_03","0","0","0","60","0","Compiling Mat_PolygonCity_Texture_Road_03: Platform=PCD3D_SM5, Usage=LightingModel=MSM_DefaultLit, BlendMode=BLEND_Opaque, SpecialEngine=0, TwoSided=0, TSNormal=1, Masked=0, Distorted=0, WritesEveryPixel=1, ModifiesMeshPosition=0, Usage={bUsedWithSkeletalMesh,bUsedWithStaticLighting,bUsedWithInstancedStaticMeshes}"
"/Game/PolygonCity/Materials/Mat_PolygonCity_Texture_Road_02.Mat_PolygonCity_Texture_Road_02","0","0","0","60","0","Compiling Mat_PolygonCity_Texture_Road_02: Platform=PCD3D_SM5, Usage=LightingModel=MSM_DefaultLit, BlendMode=BLEND_Opaque, SpecialEngine=0, TwoSided=0, TSNormal=1, Masked=0, Distorted=0, WritesEveryPixel=1, ModifiesMeshPosition=0, Usage={bUsedWithSkeletalMesh,bUsedWithStaticLighting,bUsedWithInstancedStaticMeshes}"
"/Game/PolygonCity/Materials/Mat_PolygonCity_Texture_Road_01.Mat_PolygonCity_Texture_Road_01","0","0","0","60","0","Compiling Mat_PolygonCity_Texture_Road_01: Platform=PCD3D_SM5, Usage=LightingModel=MSM_DefaultLit, BlendMode=BLEND_Opaque, SpecialEngine=0, TwoSided=0, TSNormal=1, Masked=0, Distorted=0, WritesEveryPixel=1, ModifiesMeshPosition=0, Usage={bUsedWithSkeletalMesh,bUsedWithStaticLighting,bUsedWithInstancedStaticMeshes}"
"/Game/PolygonCity/Materials/Mat_PolygonCity_Texture_04_C.Mat_PolygonCity_Texture_04_C","0","0","0","14","0","Compiling Mat_PolygonCity_Texture_04_C: Platform=PCD3D_SM5, Usage=LightingModel=MSM_DefaultLit, BlendMode=BLEND_Opaque, SpecialEngine=0, TwoSided=0, TSNormal=1, Masked=0, Distorted=0, WritesEveryPixel=1, ModifiesMeshPosition=0, Usage={}"
"/Game/PolygonCity/Materials/Mat_PolygonCity_Texture_04_B.Mat_PolygonCity_Texture_04_B","0","0","0","28","0","Compiling Mat_PolygonCity_Texture_04_B: Platform=PCD3D_SM5, Usage=LightingModel=MSM_DefaultLit, BlendMode=BLEND_Opaque, SpecialEngine=0, TwoSided=0, TSNormal=1, Masked=0, Distorted=0, WritesEveryPixel=1, ModifiesMeshPosition=0, Usage={bUsedWithSkeletalMesh}"
"/Game/PolygonCity/Materials/Mat_PolygonCity_Texture_04_A_Emissive.Mat_PolygonCity_Texture_04_A_Emissive","0","0","0","37","0","Compiling Mat_PolygonCity_Texture_04_A_Emissive: Platform=PCD3D_SM5, Usage=LightingModel=MSM_DefaultLit, BlendMode=BLEND_Opaque, SpecialEngine=0, TwoSided=0, TSNormal=1, Masked=0, Distorted=0, WritesEveryPixel=1, ModifiesMeshPosition=0, Usage={bUsedWithSkeletalMesh,bUsedWithStaticLighting}"
"/Game/PolygonCity/Materials/Mat_PolygonCity_Texture_04_A.Mat_PolygonCity_Texture_04_A","0","0","0","37","0","Compiling Mat_PolygonCity_Texture_04_A: Platform=PCD3D_SM5, Usage=LightingModel=MSM_DefaultLit, BlendMode=BLEND_Opaque, SpecialEngine=0, TwoSided=0, TSNormal=1, Masked=0, Distorted=0, WritesEveryPixel=1, ModifiesMeshPosition=0, Usage={bUsedWithSkeletalMesh,bUsedWithStaticLighting}"
"/Game/PolygonCity/Materials/Mat_PolygonCity_Texture_03_C.Mat_PolygonCity_Texture_03_C","0","0","0","28","0","Compiling Mat_PolygonCity_Texture_03_C: Platform=PCD3D_SM5, Usage=LightingModel=MSM_DefaultLit, BlendMode=BLEND_Opaque, SpecialEngine=0, TwoSided=0, TSNormal=1, Masked=0, Distorted=0, WritesEveryPixel=1, ModifiesMeshPosition=0, Usage={bUsedWithSkeletalMesh}"
"/Game/PolygonCity/Materials/Mat_PolygonCity_Texture_03_B.Mat_PolygonCity_Texture_03_B","0","0","0","28","0","Compiling Mat_PolygonCity_Texture_03_B: Platform=PCD3D_SM5, Usage=LightingModel=MSM_DefaultLit, BlendMode=BLEND_Opaque, SpecialEngine=0, TwoSided=0, TSNormal=1, Masked=0, Distorted=0, WritesEveryPixel=1, ModifiesMeshPosition=0, Usage={bUsedWithSkeletalMesh}"
"/Game/PolygonCity/Materials/Mat_PolygonCity_Texture_03_A_Emissive.Mat_PolygonCity_Texture_03_A_Emissive","0","0","0","28","0","Compiling Mat_PolygonCity_Texture_03_A_Emissive: Platform=PCD3D_SM5, Usage=LightingModel=MSM_DefaultLit, BlendMode=BLEND_Opaque, SpecialEngine=0, TwoSided=0, TSNormal=1, Masked=0, Distorted=0, WritesEveryPixel=1, ModifiesMeshPosition=0, Usage={bUsedWithSkeletalMesh}"
"/Game/PolygonCity/Materials/Mat_PolygonCity_Texture_03_A.Mat_PolygonCity_Texture_03_A","0","0","0","37","0","Compiling Mat_PolygonCity_Texture_03_A: Platform=PCD3D_SM5, Usage=LightingModel=MSM_DefaultLit, BlendMode=BLEND_Opaque, SpecialEngine=0, TwoSided=0, TSNormal=1, Masked=0, Distorted=0, WritesEveryPixel=1, ModifiesMeshPosition=0, Usage={bUsedWithSkeletalMesh,bUsedWithStaticLighting}"
"/Game/PolygonCity/Materials/Mat_PolygonCity_Texture_02_C.Mat_PolygonCity_Texture_02_C","0","0","0","28","0","Compiling Mat_PolygonCity_Texture_02_C: Platform=PCD3D_SM5, Usage=LightingModel=MSM_DefaultLit, BlendMode=BLEND_Opaque, SpecialEngine=0, TwoSided=0, TSNormal=1, Masked=0, Distorted=0, WritesEveryPixel=1, ModifiesMeshPosition=0, Usage={bUsedWithSkeletalMesh}"
"/Game/PolygonCity/Materials/Mat_PolygonCity_Texture_02_B.Mat_PolygonCity_Texture_02_B","0","0","0","28","0","Compiling Mat_PolygonCity_Texture_02_B: Platform=PCD3D_SM5, Usage=LightingModel=MSM_DefaultLit, BlendMode=BLEND_Opaque, SpecialEngine=0, TwoSided=0, TSNormal=1, Masked=0, Distorted=0, WritesEveryPixel=1, ModifiesMeshPosition=0, Usage={bUsedWithSkeletalMesh}"
"/Game/PolygonCity/Materials/Mat_PolygonCity_Texture_02_A_Emissive.Mat_PolygonCity_Texture_02_A_Emissive","0","0","0","28","0","Compiling Mat_PolygonCity_Texture_02_A_Emissive: Platform=PCD3D_SM5, Usage=LightingModel=MSM_DefaultLit, BlendMode=BLEND_Opaque, SpecialEngine=0, TwoSided=0, TSNormal=1, Masked=0, Distorted=0, WritesEveryPixel=1, ModifiesMeshPosition=0, Usage={bUsedWithSkeletalMesh}"
"/Game/PolygonCity/Materials/Mat_PolygonCity_Texture_02_A.Mat_PolygonCity_Texture_02_A","0","0","0","37","0","Compiling Mat_PolygonCity_Texture_02_A: Platform=PCD3D_SM5, Usage=LightingModel=MSM_DefaultLit, BlendMode=BLEND_Opaque, SpecialEngine=0, TwoSided=0, TSNormal=1, Masked=0, Distorted=0, WritesEveryPixel=1, ModifiesMeshPosition=0, Usage={bUsedWithSkeletalMesh,bUsedWithStaticLighting}"
"/Game/PolygonCity/Materials/Mat_PolygonCity_Texture_01_C.Mat_PolygonCity_Texture_01_C","0","0","0","28","0","Compiling Mat_PolygonCity_Texture_01_C: Platform=PCD3D_SM5, Usage=LightingModel=MSM_DefaultLit, BlendMode=BLEND_Opaque, SpecialEngine=0, TwoSided=0, TSNormal=1, Masked=0, Distorted=0, WritesEveryPixel=1, ModifiesMeshPosition=0, Usage={bUsedWithSkeletalMesh}"
"/Game/PolygonCity/Materials/Mat_PolygonCity_Texture_01_B.Mat_PolygonCity_Texture_01_B","0","0","0","37","0","Compiling Mat_PolygonCity_Texture_01_B: Platform=PCD3D_SM5, Usage=LightingModel=MSM_DefaultLit, BlendMode=BLEND_Opaque, SpecialEngine=0, TwoSided=0, TSNormal=1, Masked=0, Distorted=0, WritesEveryPixel=1, ModifiesMeshPosition=0, Usage={bUsedWithSkeletalMesh,bUsedWithStaticLighting}"
"/Game/PolygonCity/Materials/Mat_PolygonCity_Texture_01_A_Emissive.Mat_PolygonCity_Texture_01_A_Emissive","0","0","0","28","0","Compiling Mat_PolygonCity_Texture_01_A_Emissive: Platform=PCD3D_SM5, Usage=LightingModel=MSM_DefaultLit, BlendMode=BLEND_Opaque, SpecialEngine=0, TwoSided=0, TSNormal=1, Masked=0, Distorted=0, WritesEveryPixel=1, ModifiesMeshPosition=0, Usage={bUsedWithSkeletalMesh}"
"/Game/PolygonCity/Materials/Mat_PolygonCity_Texture_01_A.Mat_PolygonCity_Texture_01_A","0","0","0","60","0","Compiling Mat_PolygonCity_Texture_01_A: Platform=PCD3D_SM5, Usage=LightingModel=MSM_DefaultLit, BlendMode=BLEND_Opaque, SpecialEngine=0, TwoSided=0, TSNormal=1, Masked=0, Distorted=0, WritesEveryPixel=1, ModifiesMeshPosition=0, Usage={bUsedWithSkeletalMesh,bUsedWithStaticLighting,bUsedWithInstancedStaticMeshes}"
"/Game/PolygonCity/Materials/Mat_PolygonCity_Billboard.Mat_PolygonCity_Billboard","0","0","0","23","0","Compiling Mat_PolygonCity_Billboard: Platform=PCD3D_SM5, Usage=LightingModel=MSM_DefaultLit, BlendMode=BLEND_Opaque, SpecialEngine=0, TwoSided=0, TSNormal=1, Masked=0, Distorted=0, WritesEveryPixel=1, ModifiesMeshPosition=0, Usage={bUsedWithStaticLighting}"
"/Engine/EngineMaterials/PPM_DefaultCalibrationGrayscale.PPM_DefaultCalibrationGrayscale","0","0","0","6","0","Compiling PPM_DefaultCalibrationGrayscale: Platform=PCD3D_SM5, Usage=LightingModel=MSM_Unlit, BlendMode=BLEND_Opaque, SpecialEngine=0, TwoSided=0, TSNormal=1, Masked=0, Distorted=0, WritesEveryPixel=1, ModifiesMeshPosition=0, Usage={}"
"/Engine/EngineMaterials/PPM_DefaultCalibrationColor.PPM_DefaultCalibrationColor","0","0","0","6","0","Compiling PPM_DefaultCalibrationColor: Platform=PCD3D_SM5, Usage=LightingModel=MSM_Unlit, BlendMode=BLEND_Opaque, SpecialEngine=0, TwoSided=0, TSNormal=1, Masked=0, Distorted=0, WritesEveryPixel=1, ModifiesMeshPosition=0, Usage={}"
"/Engine/EditorMaterials/PreviewShadowIndicatorMaterial.PreviewShadowIndicatorMaterial","0","0","0","43","0","Compiling PreviewShadowIndicatorMaterial: Platform=PCD3D_SM5, Usage=LightingModel=MSM_Unlit, BlendMode=BLEND_Opaque, SpecialEngine=0, TwoSided=0, TSNormal=1, Masked=0, Distorted=0, WritesEveryPixel=1, ModifiesMeshPosition=0, Usage={}"
"/Game/_Materials/M_EV_Lightbeam_Master_02.M_EV_Lightbeam_Master_02","0","0","0","9","0","Compiling M_EV_Lightbeam_Master_02: Platform=PCD3D_SM5, Usage=LightingModel=MSM_Unlit, BlendMode=BLEND_Translucent, SpecialEngine=0, TwoSided=1, TSNormal=1, Masked=0, Distorted=0, WritesEveryPixel=1, ModifiesMeshPosition=0, Usage={bUsedWithStaticLighting}"
"/Engine/EngineVolumetrics/LightBeam/Materials/M_EV_Lightbeam_Master_01.M_EV_Lightbeam_Master_01","0","0","0","9","0","Compiling M_EV_Lightbeam_Master_01: Platform=PCD3D_SM5, Usage=LightingModel=MSM_Unlit, BlendMode=BLEND_Translucent, SpecialEngine=0, TwoSided=1, TSNormal=1, Masked=0, Distorted=0, WritesEveryPixel=1, ModifiesMeshPosition=0, Usage={bUsedWithStaticLighting}"
"/Game/PolygonCity/Materials/Mat_PolygonCity_Water.Mat_PolygonCity_Water","0","0","0","150","0","Compiling Mat_PolygonCity_Water: Platform=PCD3D_SM5, Usage=LightingModel=MSM_DefaultLit, BlendMode=BLEND_Translucent, SpecialEngine=0, TwoSided=0, TSNormal=1, Masked=0, Distorted=0, WritesEveryPixel=1, ModifiesMeshPosition=1, Usage={bUsedWithParticleSprites,bUsedWithStaticLighting,bUsedWithInstancedStaticMeshes}"
"/Engine/EngineSky/M_Sky_Panning_Clouds2.M_Sky_Panning_Clouds2","0","0","0","4","0","Compiling M_Sky_Panning_Clouds2: Platform=PCD3D_SM5, Usage=LightingModel=MSM_Unlit, BlendMode=BLEND_Opaque, SpecialEngine=0, TwoSided=0, TSNormal=1, Masked=0, Distorted=0, WritesEveryPixel=1, ModifiesMeshPosition=0, Usage={bUsedWithStaticLighting}"
"/SpeedTreeImporter/SpeedTree9/SpeedTreeBillboardMaster.SpeedTreeBillboardMaster","0","0","0","62","0","Compiling SpeedTreeBillboardMaster: Platform=PCD3D_SM5, Usage=LightingModel=MSM_TwoSidedFoliage, BlendMode=BLEND_Masked, SpecialEngine=0, TwoSided=0, TSNormal=1, Masked=1, Distorted=0, WritesEveryPixel=0, ModifiesMeshPosition=1, Usage={bUsedWithInstancedStaticMeshes}"
"/SpeedTreeImporter/SpeedTree9/SpeedTreeMaster.SpeedTreeMaster","0","0","0","88","0","Compiling SpeedTreeMaster: Platform=PCD3D_SM5, Usage=LightingModel=MSM_TwoSidedFoliage, BlendMode=BLEND_Masked, SpecialEngine=0, TwoSided=1, TSNormal=1, Masked=1, Distorted=0, WritesEveryPixel=0, ModifiesMeshPosition=1, Usage={bUsedWithStaticLighting,bUsedWithInstancedStaticMeshes}"
"/Game/_Materials/MaskedOcclusion/Test.Test","0","0","0","31","0","Compiling Test: Platform=PCD3D_SM5, Usage=LightingModel=MSM_DefaultLit, BlendMode=BLEND_Masked, SpecialEngine=0, TwoSided=0, TSNormal=1, Masked=1, Distorted=0, WritesEveryPixel=0, ModifiesMeshPosition=0, Usage={}"
"/Game/_Materials/M_PolyGon_TextureOccluded.M_PolyGon_TextureOccluded","0","0","0","117","0","Compiling M_PolyGon_TextureOccluded: Platform=PCD3D_SM5, Usage=LightingModel=MSM_DefaultLit, BlendMode=BLEND_Masked, SpecialEngine=0, TwoSided=0, TSNormal=1, Masked=1, Distorted=0, WritesEveryPixel=0, ModifiesMeshPosition=0, Usage={bUsedWithSkeletalMesh,bUsedWithStaticLighting,bUsedWithInstancedStaticMeshes}"
"/Game/StandardAssets/Characters/Mannequin_UE4/Materials/M_MannequinUE4_Body.M_MannequinUE4_Body","0","0","0","60","0","Compiling M_MannequinUE4_Body: Platform=PCD3D_SM5, Usage=LightingModel=MSM_DefaultLit, BlendMode=BLEND_Masked, SpecialEngine=0, TwoSided=0, TSNormal=1, Masked=1, Distorted=0, WritesEveryPixel=0, ModifiesMeshPosition=1, Usage={bUsedWithSkeletalMesh}"
"/Game/StandardAssets/Characters/Mannequin_UE4/Materials/M_MannequinUE4_Body.M_MannequinUE4_Body","0","0","0","60","0","Compiling M_MannequinUE4_Body: Platform=PCD3D_SM5, Usage=LightingModel=MSM_DefaultLit, BlendMode=BLEND_Masked, SpecialEngine=0, TwoSided=0, TSNormal=1, Masked=1, Distorted=0, WritesEveryPixel=0, ModifiesMeshPosition=1, Usage={bUsedWithSkeletalMesh}, StaticSwitch'PlasticOverride2-1'=True"
"/Game/LevelPrototyping/Materials/M_PrototypeGrid.M_PrototypeGrid","0","0","0","46","0","Compiling M_PrototypeGrid: Platform=PCD3D_SM5, Usage=LightingModel=MSM_DefaultLit, BlendMode=BLEND_Opaque, SpecialEngine=0, TwoSided=0, TSNormal=1, Masked=0, Distorted=0, WritesEveryPixel=1, ModifiesMeshPosition=0, Usage={bUsedWithStaticLighting,bUsedWithSplineMeshes}"
"/Game/LevelPrototyping/Materials/M_PrototypeGrid.M_PrototypeGrid","0","0","0","46","0","Compiling M_PrototypeGrid: Platform=PCD3D_SM5, Usage=LightingModel=MSM_DefaultLit, BlendMode=BLEND_Opaque, SpecialEngine=0, TwoSided=0, TSNormal=1, Masked=0, Distorted=0, WritesEveryPixel=1, ModifiesMeshPosition=0, Usage={bUsedWithStaticLighting,bUsedWithSplineMeshes}, StaticSwitch'ObjectAligned2-1'=True, StaticSwitch'TopSurfaceColor2-1'=True"
"/Game/LevelPrototyping/Materials/M_PrototypeGrid.M_PrototypeGrid","0","0","0","46","0","Compiling M_PrototypeGrid: Platform=PCD3D_SM5, Usage=LightingModel=MSM_DefaultLit, BlendMode=BLEND_Opaque, SpecialEngine=0, TwoSided=0, TSNormal=1, Masked=0, Distorted=0, WritesEveryPixel=1, ModifiesMeshPosition=0, Usage={bUsedWithStaticLighting,bUsedWithSplineMeshes}, StaticSwitch'ObjectAligned2-1'=False, StaticSwitch'TopSurfaceColor2-1'=False"
"/Game/LevelPrototyping/Materials/M_PrototypeGrid.M_PrototypeGrid","0","0","0","46","0","Compiling M_PrototypeGrid: Platform=PCD3D_SM5, Usage=LightingModel=MSM_DefaultLit, BlendMode=BLEND_Opaque, SpecialEngine=0, TwoSided=0, TSNormal=1, Masked=0, Distorted=0, WritesEveryPixel=1, ModifiesMeshPosition=0, Usage={bUsedWithStaticLighting,bUsedWithSplineMeshes}, StaticSwitch'ObjectAligned2-1'=True, StaticSwitch'TopSurfaceColor2-1'=False"
"/Game/LPSDeluxe2TropicalEnvironment/LPSD2_Materials/SpecialMaterials/2SidedMaterials/M_2Side_Master.M_2Side_Master","0","0","0","50","0","Compiling M_2Side_Master: Platform=PCD3D_SM5, Usage=LightingModel=MSM_DefaultLit, BlendMode=BLEND_Opaque, SpecialEngine=0, TwoSided=1, TSNormal=1, Masked=0, Distorted=0, WritesEveryPixel=1, ModifiesMeshPosition=0, Usage={bUsedWithStaticLighting,bUsedWithInstancedStaticMeshes}"
"/Game/LPSDeluxe2TropicalEnvironment/LPSD2_Materials/Materials/Master_Color/M_Color_Master.M_Color_Master","0","0","0","46","0","Compiling M_Color_Master: Platform=PCD3D_SM5, Usage=LightingModel=MSM_DefaultLit, BlendMode=BLEND_Opaque, SpecialEngine=0, TwoSided=0, TSNormal=1, Masked=0, Distorted=0, WritesEveryPixel=1, ModifiesMeshPosition=0, Usage={bUsedWithStaticLighting,bUsedWithInstancedStaticMeshes}"
"/Engine/OpenWorldTemplate/LandscapeMaterial/M_ProcGrid.M_ProcGrid","0","0","0","14","0","Compiling M_ProcGrid: Platform=PCD3D_SM5, Usage=LightingModel=MSM_DefaultLit, BlendMode=BLEND_Opaque, SpecialEngine=0, TwoSided=0, TSNormal=1, Masked=0, Distorted=0, WritesEveryPixel=1, ModifiesMeshPosition=0, Usage={}"
"/Engine/OpenWorldTemplate/LandscapeMaterial/M_ProcGrid.M_ProcGrid","0","0","0","14","0","Compiling M_ProcGrid: Platform=PCD3D_SM5, Usage=LightingModel=MSM_DefaultLit, BlendMode=BLEND_Opaque, SpecialEngine=0, TwoSided=0, TSNormal=1, Masked=0, Distorted=0, WritesEveryPixel=1, ModifiesMeshPosition=0, Usage={}, StaticSwitch'Enable Side Tint2-1'=False, StaticSwitch'ObjectAligned2-1'=True, StaticSwitch'Tri-Planar (Or Uni-Planar)2-1'=True, StaticSwitch'Water Level Tint2-1'=False"
"/Bridge/MSPresets/M_MS_Decal_Material/M_MS_Decal_Material.M_MS_Decal_Material","0","0","0","27","27","Compiling M_MS_Decal_Material: Platform=PCD3D_SM5, Usage=LightingModel=MSM_DefaultLit, BlendMode=BLEND_Translucent, SpecialEngine=0, TwoSided=0, TSNormal=1, Masked=0, Distorted=0, WritesEveryPixel=1, ModifiesMeshPosition=0, Usage={}"
