"Path","Platform","Compiled","Cooked","Permutations","Compiletime","CompiledDouble","CookedDouble"
"/ControlRig/Controls/ControlRigGizmoMaterial.ControlRigGizmoMaterial","0","0","4","1","0.000000","0","0"
"/Engine/EngineDebugMaterials/DebugEditorMaterial.DebugEditorMaterial","0","0","6","1","0.000000","0","0"
"/Engine/EngineMaterials/GizmoMaterial.GizmoMaterial","0","0","6","1","0.000000","0","0"
"/Engine/EngineDebugMaterials/DebugMeshMaterial.DebugMeshMaterial","0","0","9","1","0.000000","0","0"
"/Engine/EngineMaterials/RemoveSurfaceMaterial.RemoveSurfaceMaterial","0","0","4","1","0.000000","0","0"
"/HairStrands/Materials/HairMeshesDefaultMaterial.HairMeshesDefaultMaterial","0","0","63","1","0.000000","0","0"
"/HairStrands/Materials/HairCardsDefaultMaterial.HairCardsDefaultMaterial","0","0","104","1","0.000000","0","0"
"/HairStrands/Materials/HairDefaultMaterial.HairDefaultMaterial","0","0","63","1","0.000000","0","0"
"/Engine/EngineDebugMaterials/M_SimpleUnlitTranslucent.M_SimpleUnlitTranslucent","0","0","9","1","0.000000","0","0"
"/Engine/EditorMaterials/Camera/CineMat.CineMat","0","0","28","1","0.000000","0","0"
"/Engine/VREditor/TransformGizmo/Xray.Xray","0","0","14","1","0.000000","0","0"
"/Engine/VREditor/TransformGizmo/Main.Main","0","0","9","1","0.000000","0","0"
"/Engine/VREditor/TransformGizmo/TranslucentTransformGizmoMaterial.TranslucentTransformGizmoMaterial","0","0","27","1","0.000000","0","0"
"/Engine/EngineMaterials/DefaultLightFunctionMaterial.DefaultLightFunctionMaterial","0","0","43","1","0.000000","0","0"
"/Engine/EngineSky/M_SimpleSkyDome.M_SimpleSkyDome","0","0","4","1","0.000000","0","0"
"/Game/_Materials/OcclusionRender_PP.OcclusionRender_PP","0","0","6","1","0.000000","0","0"
"/Engine/EngineDebugMaterials/BlackUnlitMaterial.BlackUnlitMaterial","0","0","8","1","0.000000","0","0"
"/Game/_Materials/ModifiedAssets/M_LightFlicker.M_LightFlicker","0","0","43","1","0.000000","0","0"
"/Game/_Models/Battery/Black.Black","0","0","14","1","0.000000","0","0"
"/Game/_Models/Battery/Silver.Silver","0","0","14","1","0.000000","0","0"
"/Game/_Models/Battery/Yellow.Yellow","0","0","14","1","0.000000","0","0"
"/Game/_Models/Battery/M_BatteryHolder.M_BatteryHolder","0","0","14","1","0.000000","0","0"
"/Game/PolygonCity/Materials/Mat_PolygonCity_Glass_Car_Windows.Mat_PolygonCity_Glass_Car_Windows","0","0","52","1","0.000000","0","0"
"/Game/_Materials/M_Wire.M_Wire","0","0","12","1","0.000000","0","0"
"/Niagara/DefaultAssets/DefaultSpriteMaterial.DefaultSpriteMaterial","0","0","66","1","0.000000","0","0"
"/Game/PolygonCity/Materials/Mat_PolygonCity_FX_Steam.Mat_PolygonCity_FX_Steam","0","0","36","1","0.000000","0","0"
"/Game/_Materials/M_Cone.M_Cone","0","0","24","1","0.000000","0","0"
"/Game/PolygonHeist/Materials/Mat_PolygonHeist_Swat_Goggles.Mat_PolygonHeist_Swat_Goggles","0","0","48","1","0.000000","0","0"
"/Game/_Models/Alarm/Bar.Bar","0","0","14","1","0.000000","0","0"
"/Game/_Models/Alarm/Glass.Glass","0","0","24","1","0.000000","0","0"
"/Engine/EngineMaterials/FlattenMaterial_WS_Normal_VT.FlattenMaterial_WS_Normal_VT","0","0","66","1","0.000000","0","0"
"/Engine/EngineMaterials/FlattenMaterial_VT.FlattenMaterial_VT","0","0","66","1","0.000000","0","0"
"/Engine/EngineMaterials/FlattenMaterial.FlattenMaterial","0","0","66","1","0.000000","0","0"
"/Engine/EngineMaterials/M_InvalidLightmapSettings.M_InvalidLightmapSettings","0","0","28","1","0.000000","0","0"
"/Engine/EngineMaterials/EmissiveMeshMaterial.EmissiveMeshMaterial","0","0","9","1","0.000000","0","0"
"/Engine/EngineDebugMaterials/M_VolumeRenderSphereTracePP.M_VolumeRenderSphereTracePP","0","0","6","1","0.000000","0","0"
"/Engine/EngineMaterials/PhAT_JointLimitMaterial.PhAT_JointLimitMaterial","0","0","13","1","0.000000","0","0"
"/ControlRig/M_Manip.M_Manip","0","0","13","1","0.000000","0","0"
"/Paper2D/DefaultSpriteMaterial.DefaultSpriteMaterial","0","0","75","2","0.000000","0","0"
"/Engine/VREditor/TransformGizmo/TransformGizmoMaterial.TransformGizmoMaterial","0","0","12","1","0.000000","0","0"
"/Engine/EditorMaterials/WorldPartition/WorldPartitionSpatialHashGridPreviewMaterial.WorldPartitionSpatialHashGridPreviewMaterial","0","0","6","1","0.000000","0","0"
"/Game/_Materials/M_OutofBounds.M_OutofBounds","0","0","56","1","0.000000","0","0"
"/HairStrands/Materials/HairDebugMaterial.HairDebugMaterial","0","0","104","1","0.000000","0","0"
"/Engine/EngineSky/VolumetricClouds/m_SimpleVolumetricCloud.m_SimpleVolumetricCloud","0","0","56","1","0.000000","0","0"
"/Engine/EngineMaterials/DefaultPostProcessMaterial.DefaultPostProcessMaterial","0","0","10","1","0.000000","0","0"
"/Engine/EngineMaterials/DefaultDeferredDecalMaterial.DefaultDeferredDecalMaterial","0","0","101","1","0.000000","0","0"
"/Engine/EngineMaterials/DefaultMaterial.DefaultMaterial","0","0","167","1","0.000000","0","0"
"/Engine/EngineMaterials/WorldGridMaterial.WorldGridMaterial","0","0","1288","1","0.000000","0","0"
"/Engine/EngineMaterials/DefaultTextMaterialOpaque.DefaultTextMaterialOpaque","0","0","31","1","0.000000","0","0"
"/Engine/EngineMaterials/Widget3DPassThrough.Widget3DPassThrough","0","0","66","6","0.000000","0","9"
"/Engine/EngineMaterials/PPM_DefaultCalibrationGrayscale.PPM_DefaultCalibrationGrayscale","0","0","6","1","0.000000","0","0"
"/Engine/EngineMaterials/PPM_DefaultCalibrationColor.PPM_DefaultCalibrationColor","0","0","6","1","0.000000","0","0"
"/Engine/EditorMaterials/PreviewShadowIndicatorMaterial.PreviewShadowIndicatorMaterial","0","0","43","1","0.000000","0","0"
"/Game/_Fonts/StyleThief/Font_StyleThief.Font_StyleThief","0","0","31","1","0.000000","0","0"
"/Game/_Fonts/StyleThief/Font_StyleThief_Emissive.Font_StyleThief_Emissive","0","0","31","1","0.000000","0","0"
"/Engine/EngineSky/M_Sky_Panning_Clouds2.M_Sky_Panning_Clouds2","0","0","4","1","0.000000","0","0"
"/Game/PolygonCity/Materials/Mat_PolygonCity_Glass_Windows.Mat_PolygonCity_Glass_Windows","0","0","35","1","0.000000","0","0"
"/Game/PolygonCity/Materials/Mat_PolygonCity_Texture_01_A.Mat_PolygonCity_Texture_01_A","0","0","60","1","0.000000","0","0"
"/Game/PolygonCity/Materials/Mat_PolygonCity_Texture_01_A_Emissive.Mat_PolygonCity_Texture_01_A_Emissive","0","0","28","1","0.000000","0","0"
"/Game/_Materials/ModifiedAssets/EmissiveStreetSign.EmissiveStreetSign","0","0","28","1","0.000000","0","0"
"/Game/_Materials/ModifiedAssets/M_BeamFlicker.M_BeamFlicker","0","0","9","1","0.000000","0","0"
"/Game/_Materials/ModifiedAssets/M_EV_Lightbeam_Master_02.M_EV_Lightbeam_Master_02","0","0","9","1","0.000000","0","0"
"/Engine/EngineVolumetrics/LightBeam/Materials/M_EV_Lightbeam_Master_01.M_EV_Lightbeam_Master_01","0","0","9","1","0.000000","0","0"
"/Game/PolygonCity/Materials/Mat_PolygonCity_Texture_02_C.Mat_PolygonCity_Texture_02_C","0","0","28","1","0.000000","0","0"
"/Game/PolygonCity/Materials/Mat_PolygonCity_Texture_03_C.Mat_PolygonCity_Texture_03_C","0","0","28","1","0.000000","0","0"
"/Game/PolygonHeist/Materials/Mat_PolygonHeist_01_A.Mat_PolygonHeist_01_A","0","0","79","1","0.000000","0","0"
"/Game/PolygonHeist/Materials/Mat_PolygonHeist_Shiny.Mat_PolygonHeist_Shiny","0","0","37","1","0.000000","0","0"
"/Game/PolygonHeist/Materials/Mat_PolygonHeist_Matte.Mat_PolygonHeist_Matte","0","0","37","1","0.000000","0","0"
"/Game/PolygonHeist/Materials/Mat_PolygonHeist_Glass.Mat_PolygonHeist_Glass","0","0","57","1","0.000000","0","0"
"/Game/PolygonTown/Materials/Rug.Rug","0","0","37","1","0.000000","0","0"
"/Game/_Materials/Hacked_PC/M_HackedPC.M_HackedPC","0","0","14","1","0.000000","0","0"
"/Game/_Materials/Hacked_PC/M_LockedPC.M_LockedPC","0","0","14","1","0.000000","0","0"
"/Game/PolygonCity/Materials/Mat_PolygonCity_Billboard.Mat_PolygonCity_Billboard","0","0","23","1","0.000000","0","0"
"/Game/PolygonHeist/Materials/Mat_PolygonHeist_04_A.Mat_PolygonHeist_04_A","0","0","23","1","0.000000","0","0"
"/Game/PolygonTown/Materials/Mat_PolygonTown_01_A.Mat_PolygonTown_01_A","0","0","37","1","0.000000","0","0"
"/Game/PolygonCity/Materials/Mat_PolygonCity_Texture_Road_01.Mat_PolygonCity_Texture_Road_01","0","0","60","1","0.000000","0","0"
"/Game/_Materials/ModifiedAssets/M_StreetSign.M_StreetSign","0","0","60","1","0.000000","0","0"
"/Game/PolygonCity/Materials/Mat_PolygonCity_Skyline.Mat_PolygonCity_Skyline","0","0","44","1","0.000000","0","0"
"/Game/PolygonHeist/Materials/Mat_PolygonHeist_03_A.Mat_PolygonHeist_03_A","0","0","23","1","0.000000","0","0"
"/Game/PolygonTown/Materials/Mat_PolygonTown_03_A.Mat_PolygonTown_03_A","0","0","37","1","0.000000","0","0"
"/SpeedTreeImporter/SpeedTree9/SpeedTreeBillboardMaster.SpeedTreeBillboardMaster","0","0","62","1","0.000000","0","0"
"/SpeedTreeImporter/SpeedTree9/SpeedTreeMaster.SpeedTreeMaster","0","0","88","1","0.000000","0","0"
"/Game/_Materials/M_PolyGon_TextureOccluded.M_PolyGon_TextureOccluded","0","0","117","1","0.000000","0","0"
"/Game/LPSDeluxe2TropicalEnvironment/LPSD2_Materials/Materials/Master_Color/M_Color_Master.M_Color_Master","0","0","74","1","0.000000","0","0"
"/Game/LPSDeluxe2TropicalEnvironment/LPSD2_Materials/SpecialMaterials/2SidedMaterials/M_2Side_Master.M_2Side_Master","0","0","50","1","0.000000","0","0"
"/Game/LevelPrototyping/Materials/M_PrototypeGrid.M_PrototypeGrid","0","0","46","2","0.000000","0","0"
"/Bridge/MSPresets/M_MS_Decal_Material/M_MS_Decal_Material.M_MS_Decal_Material","0","0","27","1","0.000000","0","27"
